{
  "train_loss": [
    4.606016619452115,
    4.595445188982733,
    4.577346883971115
  ],
  "val_loss": [
    4.602658271789551,
    4.597746253013611,
    4.593009114265442
  ],
  "learning_rate": [
    0.001,
    0.001,
    0.001
  ]
}